clip,system,laeq_proxy,lufs,crest_db,peak,rms,lsd_vs_ref,dlaeq_vs_ref,dlufs_vs_ref
bass_heavy,original,65.72536974835664,-16.971063187283,11.297183456291807,0.8899999999992347,0.24239900557212138,,,
bass_heavy,broadband_limiter,65.72536974835664,-16.971063187283,11.297183456291807,0.8899999999992347,0.24239900557212138,0.0,0.0,0.0
bass_heavy,ablation_crossover_only,65.72535985469065,-16.971100794938017,11.14101286353794,0.8741407627937929,0.2423989473314539,0.057079342322726864,-9.893665989579858e-06,-3.7607655016813624e-05
bass_heavy,ablation_mid_only,65.72535985469065,-16.971100794938017,11.14101286353794,0.8741407627937929,0.2423989473314539,0.057079342322726864,-9.893665989579858e-06,-3.7607655016813624e-05
bass_heavy,ablation_mid_low,65.54264690787284,-22.06066059546598,11.688454227526126,0.37090993642675396,0.09657078385975662,0.7559707444546231,-0.18272284048380527,-5.0895974081829785
bass_heavy,ablation_mid_high,65.72535985469065,-16.971100794938017,11.14101286353794,0.8741407627937929,0.2423989473314539,0.057079342322726864,-9.893665989579858e-06,-3.7607655016813624e-05
bass_heavy,ablation_full,65.54264690787284,-22.06066059546598,11.688454227526126,0.37090993642675396,0.09657078385975662,0.7559707444546231,-0.18272284048380527,-5.0895974081829785
speech_like,original,70.04034958851955,-22.70831246460622,18.425568828712468,0.49999999999962835,0.059936525426051546,,,
speech_like,broadband_limiter,69.59220296908428,-23.146361453274007,18.662921051793493,0.48833161640000045,0.05695984390073571,0.33654419109156436,-0.44814661943526346,-0.43804898866778785
speech_like,ablation_crossover_only,70.04034958268113,-22.708144104377244,18.16992619462375,0.4854984776441944,0.05993652540081888,0.034643008533658065,-5.838415972903022e-09,0.00016836022897592784
speech_like,ablation_mid_only,69.92449942723107,-22.82021692544277,18.050859064028156,0.47272147642574314,0.059164660963274676,0.060363578697991346,-0.1158501612884777,-0.11190446083655203
speech_like,ablation_mid_low,69.92153786710418,-22.834236479380852,18.064691934861358,0.4720203586486805,0.05898290165507665,0.22213564466277838,-0.11881172141536922,-0.12592401477463255
speech_like,ablation_mid_high,69.92449942723107,-22.82021692544277,18.050859064028156,0.47272147642574314,0.059164660963274676,0.060363578697991346,-0.1158501612884777,-0.11190446083655203
speech_like,ablation_full,69.92153786710418,-22.834236479380852,18.064691934861358,0.4720203586486805,0.05898290165507665,0.22213564466277838,-0.11881172141536922,-0.12592401477463255
transient,original,58.56689173081946,-27.04205109976486,25.26790650678711,0.625951414886823,0.034130708221328396,,,
transient,broadband_limiter,58.56689173081946,-27.04205109976486,25.26790650678711,0.625951414886823,0.034130708221328396,0.0,0.0,0.0
transient,ablation_crossover_only,58.566890777146455,-27.042051146031394,25.282958754717143,0.6270369767572765,0.034130701491344506,0.01611493523525621,-9.536730019021888e-07,-4.626653549166804e-08
transient,ablation_mid_only,58.566890777146455,-27.042051146031394,25.282958754717143,0.6270369767572765,0.034130701491344506,0.01611493523525621,-9.536730019021888e-07,-4.626653549166804e-08
transient,ablation_mid_low,58.47525873400174,-27.147320983209166,25.350325715571053,0.6155877549391929,0.03324862476329687,0.24822288068890888,-0.0916329968177152,-0.10526988344430777
transient,ablation_mid_high,58.566890777146455,-27.042051146031394,25.282958754717143,0.6270369767572765,0.034130701491344506,0.01611493523525621,-9.536730019021888e-07,-4.626653549166804e-08
transient,ablation_full,58.47525873400174,-27.147320983209166,25.350325715571053,0.6155877549391929,0.03324862476329687,0.24822288068890888,-0.0916329968177152,-0.10526988344430777
mixed,original,68.56467623936344,-16.82361220472716,11.642754907764774,0.8899999999985504,0.2329443929287483,,,
mixed,broadband_limiter,68.56467623936344,-16.82361220472716,11.642754907764774,0.8899999999985504,0.2329443929287483,0.0,0.0,0.0
mixed,ablation_crossover_only,68.56467550090444,-16.823724522987696,11.220910857882762,0.8478085729805748,0.23294439274611967,0.051654374414638694,-7.384589935099939e-07,-0.00011231826053759164
mixed,ablation_mid_only,68.56467550090444,-16.823724522987696,11.220910857882762,0.8478085729805748,0.23294439274611967,0.051654374414638694,-7.384589935099939e-07,-0.00011231826053759164
mixed,ablation_mid_low,68.45562429511365,-20.806869623720726,14.116800290453053,0.5151612587061862,0.10141523027952544,0.7778387700930693,-0.10905194424978504,-3.983257418993567
mixed,ablation_mid_high,68.56467550090444,-16.823724522987696,11.220910857882762,0.8478085729805748,0.23294439274611967,0.051654374414638694,-7.384589935099939e-07,-0.00011231826053759164
mixed,ablation_full,68.45562429511365,-20.806869623720726,14.116800290453053,0.5151612587061862,0.10141523027952544,0.7778387700930693,-0.10905194424978504,-3.983257418993567
165523__zemidlo__snare-roll-hit-crash,original,62.80777536704325,-23.205568513010057,25.508183898421994,0.6203636911857445,0.032903127204121745,,,
165523__zemidlo__snare-roll-hit-crash,broadband_limiter,62.55941307073524,-23.53062648848146,25.686955705847566,0.6203636911857445,0.03223284101543506,0.1820795779783249,-0.24836229630800943,-0.32505797547140247
165523__zemidlo__snare-roll-hit-crash,ablation_crossover_only,62.80777536704325,-23.11338981645123,24.555090338579486,0.5558936247688636,0.03290312720412176,0.03523352120126465,0.0,0.09217869655882538
165523__zemidlo__snare-roll-hit-crash,ablation_mid_only,62.80777536704325,-23.11338981645123,24.555090338579486,0.5558936247688636,0.03290312720412176,0.03523352120126465,0.0,0.09217869655882538
165523__zemidlo__snare-roll-hit-crash,ablation_mid_low,62.77695251238016,-23.282053114388244,24.18466968537637,0.5132992279696997,0.03170568399626416,0.27660189074538216,-0.030822854663085764,-0.07648460137818702
165523__zemidlo__snare-roll-hit-crash,ablation_mid_high,62.80777536704325,-23.11338981645123,24.555090338579486,0.5558936247688636,0.03290312720412176,0.03523352120126465,0.0,0.09217869655882538
165523__zemidlo__snare-roll-hit-crash,ablation_full,62.77695251238016,-23.282053114388244,24.18466968537637,0.5132992279696997,0.03170568399626416,0.27660189074538216,-0.030822854663085764,-0.07648460137818702
179270__speedenza__poem-statue-of-jupiter-voice,original,62.16729946461852,-25.104971412324215,22.612838851034986,0.7067052376965423,0.05231140293840806,,,
179270__speedenza__poem-statue-of-jupiter-voice,broadband_limiter,62.131878761245034,-25.12920213825523,21.816149448253,0.643405067586494,0.05220078148383829,0.026002368633275062,-0.03542070337348946,-0.02423072593101594
179270__speedenza__poem-statue-of-jupiter-voice,ablation_crossover_only,62.16729944671073,-25.09518105671028,25.541266998589304,0.9900558990048174,0.052311402734301626,0.006688966532645761,-1.790779435850709e-08,0.009790355613933599
179270__speedenza__poem-statue-of-jupiter-voice,ablation_mid_only,62.145514198376276,-25.10423929269062,25.444670490059288,0.9782076243956989,0.05226338310657904,0.021174905455789192,-0.021785266242247303,0.0007321196335929869
179270__speedenza__poem-statue-of-jupiter-voice,ablation_mid_low,61.96334532479331,-26.149153832126558,25.545046774028318,0.8506639002824071,0.04492681842185952,0.48877886575779633,-0.20395413982521404,-1.0441824198023433
179270__speedenza__poem-statue-of-jupiter-voice,ablation_mid_high,62.145514198376276,-25.10423929269062,25.444670490059288,0.9782076243956989,0.05226338310657904,0.021174905455789192,-0.021785266242247303,0.0007321196335929869
179270__speedenza__poem-statue-of-jupiter-voice,ablation_full,61.96334532479331,-26.149153832126558,25.545046774028318,0.8506639002824071,0.04492681842185952,0.48877886575779633,-0.20395413982521404,-1.0441824198023433
189635__klankbeeld__choir-amen-130525_14,original,72.08373190630032,-20.120918466304396,16.82979556683784,0.6505099534988403,0.0937053026685621,,,
189635__klankbeeld__choir-amen-130525_14,broadband_limiter,71.39107931392034,-20.853672565180005,15.05018028477933,0.4898719051364224,0.08661109284900205,0.39939256193222494,-0.6926525923799716,-0.7327540988756098
189635__klankbeeld__choir-amen-130525_14,ablation_crossover_only,72.08373190596458,-20.120916767060866,17.286706718093622,0.6856453002172131,0.09370530262210758,0.004018481835907046,-3.3573144264664734e-10,1.6992435298845976e-06
189635__klankbeeld__choir-amen-130525_14,ablation_mid_only,71.53152235386544,-20.705575745345854,15.7531750915079,0.5404161498690793,0.08811900090830294,0.16520599664244173,-0.5522095524348742,-0.5846572790414584
189635__klankbeeld__choir-amen-130525_14,ablation_mid_low,71.52242887184856,-20.70988924706829,15.637151882519746,0.531787914091279,0.0878781425473734,0.2711827669811991,-0.561303034451754,-0.5889707807638942
189635__klankbeeld__choir-amen-130525_14,ablation_mid_high,71.53152235386544,-20.705575745345854,15.7531750915079,0.5404161498690793,0.08811900090830294,0.16520599664244173,-0.5522095524348742,-0.5846572790414584
189635__klankbeeld__choir-amen-130525_14,ablation_full,71.52242887184856,-20.70988924706829,15.637151882519746,0.531787914091279,0.0878781425473734,0.2711827669811991,-0.561303034451754,-0.5889707807638942
269906__theriavirra__02_crash_loud_cymbals__snares,original,70.86882213761933,-19.717962608852563,17.365916867403207,0.5723156198615321,0.07750679089138157,,,
269906__theriavirra__02_crash_loud_cymbals__snares,broadband_limiter,69.98864852554463,-20.72509119813763,17.934816299652525,0.5517314244904763,0.06998208951078437,0.7451709334029514,-0.8801736120746995,-1.0071285892850668
269906__theriavirra__02_crash_loud_cymbals__snares,ablation_crossover_only,70.86882213761288,-19.71646891612233,19.49119778276494,0.7309701539765755,0.0775067908912072,0.07487691041774146,-6.45172804070171e-12,0.0014936927302322545
269906__theriavirra__02_crash_loud_cymbals__snares,ablation_mid_only,70.84507825767014,-19.728792641728646,19.514552937225098,0.7309701539765755,0.07729866579840823,0.07673053090622621,-0.023743879949194024,-0.01083003287608264
269906__theriavirra__02_crash_loud_cymbals__snares,ablation_mid_low,70.83384691800066,-19.745328252648264,19.318666948813355,0.7123011363832005,0.07704248629210633,0.32086489952639546,-0.03497521961867278,-0.027365643795700834
269906__theriavirra__02_crash_loud_cymbals__snares,ablation_mid_high,70.84507825767014,-19.728792641728646,19.514552937225098,0.7309701539765755,0.07729866579840823,0.07673053090622621,-0.023743879949194024,-0.01083003287608264
269906__theriavirra__02_crash_loud_cymbals__snares,ablation_full,70.83384691800066,-19.745328252648264,19.318666948813355,0.7123011363832005,0.07704248629210633,0.32086489952639546,-0.03497521961867278,-0.027365643795700834
380303__evanboyerman__various-male-command-voice-lines-mixed,original,72.32800034814362,-16.891442109431082,18.062856703182653,0.999969482421875,0.12498097576711299,,,
380303__evanboyerman__various-male-command-voice-lines-mixed,broadband_limiter,69.95657239278998,-18.99306797863784,19.061573665950483,0.895294189453125,0.09974406935872444,1.310606660041436,-2.3714279553536386,-2.1016258692067566
380303__evanboyerman__various-male-command-voice-lines-mixed,ablation_crossover_only,72.3280003481436,-16.885987403045718,18.70940658494724,1.0772443879986615,0.12498097576711306,0.0031771426547267108,-1.4210854715202004e-14,0.005454706385364716
380303__evanboyerman__various-male-command-voice-lines-mixed,ablation_mid_only,70.72880756106636,-18.042602844409803,19.12504601526279,0.9989013462507509,0.11047659939960122,0.5911635216427494,-1.599192787077257,-1.1511607349787205
380303__evanboyerman__various-male-command-voice-lines-mixed,ablation_mid_low,70.64048975615032,-18.45954378179165,19.658739655658202,1.0008951819039793,0.10410021246002592,0.6665680381612722,-1.687510591993302,-1.5681016723605659
380303__evanboyerman__various-male-command-voice-lines-mixed,ablation_mid_high,70.7233101412822,-18.056550166162882,18.338657783360766,0.9120484864984455,0.11042948271926553,0.597597266774551,-1.6046902068614202,-1.1651080567317997
380303__evanboyerman__various-male-command-voice-lines-mixed,ablation_full,70.6348793241616,-18.46916129398193,19.46313560361604,0.9781371064665518,0.10405020839571896,0.6722806904480202,-1.693121023982016,-1.5777191845508476
431525__evanboyerman__british-soldiers-monologue-voice-actingmalevoice-over,original,64.76434109645395,-22.284397166623446,16.083217107803453,0.4761704251678054,0.07474834176118444,,,
431525__evanboyerman__british-soldiers-monologue-voice-actingmalevoice-over,broadband_limiter,64.76131154713156,-22.286126097145438,16.08387922907773,0.4761704251678054,0.07474264394748735,0.013704912685528753,-0.0030295493223917447,-0.001728930521991856
431525__evanboyerman__british-soldiers-monologue-voice-actingmalevoice-over,ablation_crossover_only,64.76434109645334,-22.28413554253076,16.847444131657127,0.5199645903925867,0.07474834176118074,0.012394273405390848,-6.110667527536862e-13,0.00026162409268692954
431525__evanboyerman__british-soldiers-monologue-voice-actingmalevoice-over,ablation_mid_only,64.76434109645334,-22.28413554253076,16.847444131657127,0.5199645903925867,0.07474834176118074,0.012394273405390848,-6.110667527536862e-13,0.00026162409268692954
431525__evanboyerman__british-soldiers-monologue-voice-actingmalevoice-over,ablation_mid_low,64.59773248744713,-23.890778475790533,18.413217659638658,0.49229965722293517,0.05909743755154441,0.4710716637954336,-0.16660860900681485,-1.6063813091670873
431525__evanboyerman__british-soldiers-monologue-voice-actingmalevoice-over,ablation_mid_high,64.76434109645334,-22.28413554253076,16.847444131657127,0.5199645903925867,0.07474834176118074,0.012394273405390848,-6.110667527536862e-13,0.00026162409268692954
431525__evanboyerman__british-soldiers-monologue-voice-actingmalevoice-over,ablation_full,64.59773248744713,-23.890778475790533,18.413217659638658,0.49229965722293517,0.05909743755154441,0.4710716637954336,-0.16660860900681485,-1.6063813091670873
479941__liezen3__men-choir,original,64.7793744880197,-26.93693078915098,16.283540139468336,0.27780135845368475,0.0426144961684154,,,
479941__liezen3__men-choir,broadband_limiter,64.7793744880197,-26.93693078915098,16.283540139468336,0.27780135845368475,0.0426144961684154,0.0,0.0,0.0
479941__liezen3__men-choir,ablation_crossover_only,64.77937448801828,-26.936926191203998,15.971256662312497,0.2679909888859539,0.042614496168403425,0.01648639063109759,-1.4210854715202004e-12,4.5979469831536335e-06
479941__liezen3__men-choir,ablation_mid_only,64.77937448801828,-26.936926191203998,15.971256662312497,0.2679909888859539,0.042614496168403425,0.01648639063109759,-1.4210854715202004e-12,4.5979469831536335e-06
479941__liezen3__men-choir,ablation_mid_low,64.76560289219853,-26.98667234384848,15.968935608054185,0.26615942734170595,0.04233456221402772,0.24883650631382126,-0.013771595821168603,-0.04974155469749775
479941__liezen3__men-choir,ablation_mid_high,64.77937448801828,-26.936926191203998,15.971256662312497,0.2679909888859539,0.042614496168403425,0.01648639063109759,-1.4210854715202004e-12,4.5979469831536335e-06
479941__liezen3__men-choir,ablation_full,64.76560289219853,-26.98667234384848,15.968935608054185,0.26615942734170595,0.04233456221402772,0.24883650631382126,-0.013771595821168603,-0.04974155469749775
529808__logicogonist__bass-loop-and-drums-130-bpm,original,74.61637592672903,-9.398431986470925,8.164378187033655,1.0192935978801778,0.39818086626265087,,,
529808__logicogonist__bass-loop-and-drums-130-bpm,broadband_limiter,73.80162663569297,-9.864703549036236,8.567314631947346,1.0166005660025552,0.3791269137666581,0.7527911144056859,-0.8147492910360654,-0.46627156256531066
529808__logicogonist__bass-loop-and-drums-130-bpm,ablation_crossover_only,74.6111735171285,-9.401152426401165,12.440865612345238,1.667285924037885,0.3980767408943362,0.005144006826431425,-0.005202409600528313,-0.0027204399302398485
529808__logicogonist__bass-loop-and-drums-130-bpm,ablation_mid_only,74.56068583859344,-9.40971977464475,11.7421563260616,1.5376951667312841,0.39788945821824007,0.03854828711258568,-0.05569008813559151,-0.011287788173824254
529808__logicogonist__bass-loop-and-drums-130-bpm,ablation_mid_low,73.83739106833607,-12.479098945970401,14.802183976458934,1.445773720770335,0.2630214257917746,0.5408656514317592,-0.7789848583929597,-3.080666959499476
529808__logicogonist__bass-loop-and-drums-130-bpm,ablation_mid_high,74.56068583859344,-9.40971977464475,11.7421563260616,1.5376951667312841,0.39788945821824007,0.03854828711258568,-0.05569008813559151,-0.011287788173824254
529808__logicogonist__bass-loop-and-drums-130-bpm,ablation_full,73.83739106833607,-12.479098945970401,14.802183976458934,1.445773720770335,0.2630214257917746,0.5408656514317592,-0.7789848583929597,-3.080666959499476
541260__bertsz__drum-and-bass-loop,original,75.05606559584726,-13.40577453663615,11.971138993233971,0.9976040124893188,0.2514208194833289,,,
541260__bertsz__drum-and-bass-loop,broadband_limiter,73.85412546011946,-14.46822962320485,12.794940419914893,0.9968621134757996,0.22850098136445995,0.9770251170857858,-1.2019401357277957,-1.0624550865687006
541260__bertsz__drum-and-bass-loop,ablation_crossover_only,75.05604461667869,-13.40595966914863,14.88247674809995,1.394797953014026,0.25141284578970763,0.05157828598288943,-2.0979168567691886e-05,-0.0001851325124793135
541260__bertsz__drum-and-bass-loop,ablation_mid_only,74.96424660823251,-13.449106707258677,14.90824048409027,1.394797953014026,0.2506682200184704,0.07227367387130869,-0.09181898761474372,-0.043332170622527144
541260__bertsz__drum-and-bass-loop,ablation_mid_low,74.87018468482133,-15.203599322885156,17.63706434110959,1.2724213762023853,0.16702356125770812,0.7003935315127876,-0.18588091102593296,-1.7978247862490058
541260__bertsz__drum-and-bass-loop,ablation_mid_high,74.96424660823251,-13.449106707258677,14.90824048409027,1.394797953014026,0.2506682200184704,0.07227367387130869,-0.09181898761474372,-0.043332170622527144
541260__bertsz__drum-and-bass-loop,ablation_full,74.87018468482133,-15.203599322885156,17.63706434110959,1.2724213762023853,0.16702356125770812,0.7003935315127876,-0.18588091102593296,-1.7978247862490058
627643__asiilanna__female-vocal,original,76.23686873580496,-16.88182237870546,15.512169221658418,0.8008811619152273,0.1342640110650817,,,
627643__asiilanna__female-vocal,broadband_limiter,74.23637390887149,-18.815679003092765,13.748148254767877,0.5267795969517249,0.10819857297710705,1.081566890367848,-2.000494826933476,-1.9338566243873032
627643__asiilanna__female-vocal,ablation_crossover_only,76.23686873580496,-16.881820031043787,15.958316981819971,0.8430929669487708,0.13426401106508154,0.017197934231114705,0.0,2.3476616739515066e-06
627643__asiilanna__female-vocal,ablation_mid_only,74.37284836572937,-18.672509493807237,12.913414758568912,0.4864664681095461,0.1099973372152141,0.5715351636219367,-1.8640203700755933,-1.7906871151017754
627643__asiilanna__female-vocal,ablation_mid_low,74.36893959967836,-18.681073714880217,12.941151118240537,0.4874604302325459,0.10987067978150522,0.5714400990817647,-1.8679291361266053,-1.7992513361747555
627643__asiilanna__female-vocal,ablation_mid_high,74.37284836572937,-18.672509493807237,12.913414758568912,0.4864664681095461,0.1099973372152141,0.5715351636219367,-1.8640203700755933,-1.7906871151017754
627643__asiilanna__female-vocal,ablation_full,74.36893959967836,-18.681073714880217,12.941151118240537,0.4874604302325459,0.10987067978150522,0.5714400990817647,-1.8679291361266053,-1.7992513361747555
628213__josefpres__bass-loops-033-with-drums-long-loop-120-bpm,original,65.00246098141508,-16.98230079378953,12.562774086751325,0.6937991056720497,0.16334093277793907,,,
628213__josefpres__bass-loops-033-with-drums-long-loop-120-bpm,broadband_limiter,65.00246098141508,-16.98230079378953,12.562774086751325,0.6937991056720497,0.16334093277793907,0.0,0.0,0.0
628213__josefpres__bass-loops-033-with-drums-long-loop-120-bpm,ablation_crossover_only,65.00246097895393,-16.98240308882323,12.587636643597023,0.6957878825617362,0.1633409318476671,0.03565740354338861,-2.4611495064164046e-09,-0.00010229503369885151
628213__josefpres__bass-loops-033-with-drums-long-loop-120-bpm,ablation_mid_only,65.00246097895393,-16.98240308882323,12.587636643597023,0.6957878825617362,0.1633409318476671,0.03565740354338861,-2.4611495064164046e-09,-0.00010229503369885151
628213__josefpres__bass-loops-033-with-drums-long-loop-120-bpm,ablation_mid_low,63.5639788280249,-20.012749034652174,13.275857603954957,0.5211921963813596,0.11303294014632242,0.5824474426220398,-1.4384821533901828,-3.0304482408626434
628213__josefpres__bass-loops-033-with-drums-long-loop-120-bpm,ablation_mid_high,65.00246097895393,-16.98240308882323,12.587636643597023,0.6957878825617362,0.1633409318476671,0.03565740354338861,-2.4611495064164046e-09,-0.00010229503369885151
628213__josefpres__bass-loops-033-with-drums-long-loop-120-bpm,ablation_full,63.5639788280249,-20.012749034652174,13.275857603954957,0.5211921963813596,0.11303294014632242,0.5824474426220398,-1.4384821533901828,-3.0304482408626434
629137__holizna__funky-lofi-drum-loop-88-bpm,original,68.9850063990755,-16.123038387568126,15.807792563389514,1.0022153824199347,0.16239454472695722,,,
629137__holizna__funky-lofi-drum-loop-88-bpm,broadband_limiter,68.10843561141604,-16.42265839166138,16.030614314232906,1.0022153824199347,0.1582815696656407,0.6029224824736132,-0.8765707876594604,-0.29962000409325285
629137__holizna__funky-lofi-drum-loop-88-bpm,ablation_crossover_only,68.98500608390526,-16.102215287246185,18.254323814255113,1.328273848299917,0.16239454300507486,0.03216662995905396,-3.151702401282819e-07,0.020823100321941013
629137__holizna__funky-lofi-drum-loop-88-bpm,ablation_mid_only,68.55186630833542,-16.20874181678435,18.324120706731,1.328273848299917,0.1610948240347115,0.2869342790742281,-0.433140090740082,-0.08570342921622398
629137__holizna__funky-lofi-drum-loop-88-bpm,ablation_mid_low,68.04161018740153,-18.700318474891407,20.766943954709305,1.274171839761732,0.1166489421974757,0.510335310512648,-0.9433962116739707,-2.577280087323281
629137__holizna__funky-lofi-drum-loop-88-bpm,ablation_mid_high,68.55186630833542,-16.20874181678435,18.324120706731,1.328273848299917,0.1610948240347115,0.2869342790742281,-0.433140090740082,-0.08570342921622398
629137__holizna__funky-lofi-drum-loop-88-bpm,ablation_full,68.04161018740153,-18.700318474891407,20.766943954709305,1.274171839761732,0.1166489421974757,0.510335310512648,-0.9433962116739707,-2.577280087323281
629139__holizna__boombap-drums-90-bpm,original,68.56465609098835,-18.006747303547044,16.580366608881366,1.0077969777944384,0.14940141859397066,,,
629139__holizna__boombap-drums-90-bpm,broadband_limiter,66.97848525453838,-19.045676108228253,16.476702248545905,0.9652132022469184,0.14480652816491202,1.4345278053499435,-1.5861708364499663,-1.038928804681209
629139__holizna__boombap-drums-90-bpm,ablation_crossover_only,68.56465609098835,-18.006689203603848,17.786348336954106,1.1579028904498714,0.14940141859397232,0.006803306676627263,0.0,5.809994319605494e-05
629139__holizna__boombap-drums-90-bpm,ablation_mid_only,68.45137421684315,-18.046790851236505,17.80296578501699,1.1579028904498714,0.14911586385343334,0.09674458020978516,-0.1132818741452013,-0.04004354768946072
629139__holizna__boombap-drums-90-bpm,ablation_mid_low,68.31273186674184,-20.93277367118146,21.8797074598743,1.0590402006021218,0.0852956872969216,0.7362187262044565,-0.2519242242465083,-2.9260263676344174
629139__holizna__boombap-drums-90-bpm,ablation_mid_high,68.4512894127264,-18.04682999634841,17.802977154904646,1.1579028904498714,0.14911566865989753,0.09676748516862253,-0.11336667826195423,-0.04008269280136645
629139__holizna__boombap-drums-90-bpm,ablation_full,68.31264433751647,-20.932841701817676,21.879742104020238,1.0590402006021218,0.08529534709108565,0.7362217375252968,-0.25201175347187643,-2.9260943982706316
657761__kevp888__221029_2225_fr_malechoir,original,55.35756052229249,-34.32609396860684,16.443980065642936,0.132121741771698,0.01989643590142243,,,
657761__kevp888__221029_2225_fr_malechoir,broadband_limiter,55.35756052229249,-34.32609396860684,16.443980065642936,0.132121741771698,0.01989643590142243,0.0,0.0,0.0
657761__kevp888__221029_2225_fr_malechoir,ablation_crossover_only,55.3575605222917,-34.326077361951434,16.10308074402125,0.12703673528965478,0.01989643590141729,0.004121491460199236,-7.887024366937112e-13,1.6606655407258586e-05
657761__kevp888__221029_2225_fr_malechoir,ablation_mid_only,55.3575605222917,-34.326077361951434,16.10308074402125,0.12703673528965478,0.01989643590141729,0.004121491460199236,-7.887024366937112e-13,1.6606655407258586e-05
657761__kevp888__221029_2225_fr_malechoir,ablation_mid_low,55.25490187587985,-34.65001548144793,16.53210986387885,0.12774760846070263,0.01904352258617373,0.37074161952977447,-0.10265864641263533,-0.32392151284108905
657761__kevp888__221029_2225_fr_malechoir,ablation_mid_high,55.3575605222917,-34.326077361951434,16.10308074402125,0.12703673528965478,0.01989643590141729,0.004121491460199236,-7.887024366937112e-13,1.6606655407258586e-05
657761__kevp888__221029_2225_fr_malechoir,ablation_full,55.25490187587985,-34.65001548144793,16.53210986387885,0.12774760846070263,0.01904352258617373,0.37074161952977447,-0.10265864641263533,-0.32392151284108905
735157__jadis0x__simple-music-loop-bass-keys-drums,original,67.13417886822735,-19.340462751038828,17.974995595040212,1.006595790290737,0.12708822966687017,,,
735157__jadis0x__simple-music-loop-bass-keys-drums,broadband_limiter,67.1338285376414,-19.34085765474886,17.975445888236145,1.006595790290737,0.12708164133980937,0.0008284479463880665,-0.0003503305859453576,-0.000394903710031258
735157__jadis0x__simple-music-loop-bass-keys-drums,ablation_crossover_only,67.134178778801,-19.340445695779763,18.92769237516966,1.1232849691199358,0.12708822930160613,0.0014190403866722694,-8.942635076891747e-08,1.7055259064591155e-05
735157__jadis0x__simple-music-loop-bass-keys-drums,ablation_mid_only,67.134178778801,-19.340445695779763,18.92769237516966,1.1232849691199358,0.12708822930160613,0.0014190403866722694,-8.942635076891747e-08,1.7055259064591155e-05
735157__jadis0x__simple-music-loop-bass-keys-drums,ablation_mid_low,66.98782395146532,-21.557608992242347,20.056619125847888,0.8472983167200048,0.084179314985367,0.7272952727923296,-0.1463549167620357,-2.217146241203519
735157__jadis0x__simple-music-loop-bass-keys-drums,ablation_mid_high,67.134178778801,-19.340445695779763,18.92769237516966,1.1232849691199358,0.12708822930160613,0.0014190403866722694,-8.942635076891747e-08,1.7055259064591155e-05
735157__jadis0x__simple-music-loop-bass-keys-drums,ablation_full,66.98782395146532,-21.557608992242347,20.056619125847888,0.8472983167200048,0.084179314985367,0.7272952727923296,-0.1463549167620357,-2.217146241203519
739037__acoustiangel__acoustiangel,original,62.12761278666763,-25.369524732837093,20.78938112948989,0.5133056640625,0.04687130010317768,,,
739037__acoustiangel__acoustiangel,broadband_limiter,62.1072137346698,-25.378941999056305,20.79415377582077,0.5133056640625,0.04684555274733487,0.039734518945615006,-0.02039905199783476,-0.009417266219212905
739037__acoustiangel__acoustiangel,ablation_crossover_only,62.12761278666656,-25.36945297422962,20.384360640599425,0.4899198454971561,0.046871300103167174,0.008760242138527852,-1.0729195309977513e-12,7.17586074721055e-05
739037__acoustiangel__acoustiangel,ablation_mid_only,62.12761278666656,-25.36945297422962,20.384360640599425,0.4899198454971561,0.046871300103167174,0.008760242138527852,-1.0729195309977513e-12,7.17586074721055e-05
739037__acoustiangel__acoustiangel,ablation_mid_low,61.98567069035228,-25.895510289200747,21.20643583253368,0.4893764440581947,0.04259133659954356,0.233233293573714,-0.14194209631535415,-0.5259855563636542
739037__acoustiangel__acoustiangel,ablation_mid_high,62.12761278666656,-25.36945297422962,20.384360640599425,0.4899198454971561,0.046871300103167174,0.008760242138527852,-1.0729195309977513e-12,7.17586074721055e-05
739037__acoustiangel__acoustiangel,ablation_full,61.98567069035228,-25.895510289200747,21.20643583253368,0.4893764440581947,0.04259133659954356,0.233233293573714,-0.14194209631535415,-0.5259855563636542
