clip,system,laeq_proxy,lufs,crest_db,peak,rms,lsd_vs_ref,dlaeq_vs_ref,dlufs_vs_ref,gain,match_error,match_metric,limiter_target_dba
bass_heavy,original,65.72536974835664,-16.971063187283,11.297183456291807,0.8899999999992347,0.24239900557212138,,,,,,,
bass_heavy,proposed,65.54264690787284,-22.06066059546598,11.688454227526126,0.37090993642675396,0.09657078385975662,0.7559707444546231,-0.18272284048380527,-5.0895974081829785,,,,
bass_heavy,gain_matched_exposure,65.54264690787285,-17.153786027766866,11.297183456291805,0.8714728561023221,0.23735298168818086,0.18272284048380555,-0.18272284048379106,-0.18272284048386567,0.9791829843854735,1.4210854715202004e-14,laeq,
bass_heavy,gain_matched_loudness,60.63577234017366,-22.060660595465986,11.297183456291807,0.4953476833699356,0.13491211894542662,5.0895974081829785,-5.089597408182982,-5.089597408182986,0.5565704307532152,7.105427357601002e-15,lufs,
bass_heavy,limiter_matched_exposure,65.72536974835664,-16.971063187283,11.297183456291807,0.8899999999992347,0.24239900557212138,0.0,0.0,0.0,,0.18272284048380527,laeq,72.0
bass_heavy,limiter_matched_loudness,60.6637861856323,-22.073999864768243,12.066280083238723,0.5415477375899185,0.13499657236649976,5.094638617890748,-5.061583562724344,-5.102936677485243,,0.013339269302264256,lufs,61.875
speech_like,original,70.04034958851955,-22.70831246460622,18.425568828712468,0.49999999999962835,0.059936525426051546,,,,,,,
speech_like,proposed,69.92153786710418,-22.834236479380852,18.064691934861358,0.4720203586486805,0.05898290165507665,0.22213564466277838,-0.11881172141536922,-0.12592401477463255,,,,
speech_like,gain_matched_exposure,69.92153786710418,-22.82712418602159,18.425568828712468,0.49320721172228815,0.05912225317145378,0.11881172141536875,-0.11881172141536922,-0.11881172141536922,0.9864144234453095,0.0,laeq,
speech_like,gain_matched_loudness,69.91442557374492,-22.834236479380856,18.425568828712468,0.49280352266459065,0.059073861732511924,0.12592401477463236,-0.12592401477462545,-0.1259240147746361,0.9856070453299139,3.552713678800501e-15,lufs,
speech_like,limiter_matched_exposure,70.04034958851955,-22.70831246460622,18.425568828712468,0.49999999999962835,0.059936525426051546,0.0,0.0,0.0,,0.11881172141536922,laeq,84.0
speech_like,limiter_matched_loudness,70.04034958851955,-22.70831246460622,18.425568828712468,0.49999999999962835,0.059936525426051546,0.0,0.0,0.0,,0.12592401477463255,lufs,84.0
transient,original,58.56689173081946,-27.04205109976486,25.26790650678711,0.625951414886823,0.034130708221328396,,,,,,,
transient,proposed,58.47525873400174,-27.147320983209166,25.350325715571053,0.6155877549391929,0.03324862476329687,0.24822288068890888,-0.0916329968177152,-0.10526988344430777,,,,
transient,gain_matched_exposure,58.475258734001734,-27.133684096582574,25.26790650678711,0.6193825640872271,0.033772534208684,0.09163299681771526,-0.0916329968177223,-0.0916329968177152,0.98950581364085,7.105427357601002e-15,laeq,
transient,gain_matched_loudness,58.46162184737515,-27.147320983209166,25.26790650678711,0.6184108935799176,0.03371955277628602,0.10526988344430752,-0.10526988344430777,-0.10526988344430777,0.9879535038541789,0.0,lufs,
transient,limiter_matched_exposure,58.56689173081946,-27.04205109976486,25.26790650678711,0.625951414886823,0.034130708221328396,0.0,0.0,0.0,,0.0916329968177152,laeq,72.0
transient,limiter_matched_loudness,58.56689173081946,-27.04205109976486,25.26790650678711,0.625951414886823,0.034130708221328396,0.0,0.0,0.0,,0.10526988344430777,lufs,72.0
mixed,original,68.56467623936344,-16.82361220472716,11.642754907764774,0.8899999999985504,0.2329443929287483,,,,,,,
mixed,proposed,68.45562429511365,-20.806869623720726,14.116800290453053,0.5151612587061862,0.10141523027952544,0.7778387700930693,-0.10905194424978504,-3.983257418993567,,,,
mixed,gain_matched_exposure,68.45562429511367,-16.932664148977068,11.642754907764774,0.878895841137989,0.23003804287845384,0.10905194424978489,-0.10905194424977083,-0.10905194424990938,0.9875234170105849,1.4210854715202004e-14,laeq,
mixed,gain_matched_loudness,64.58141882036986,-20.806869623720825,11.642754907764774,0.562635506211235,0.14726155779185238,3.983257418993567,-3.983257418993574,-3.9832574189936665,0.6321747260810691,9.947598300641403e-14,lufs,
mixed,limiter_matched_exposure,68.56467623936344,-16.82361220472716,11.642754907764774,0.8899999999985504,0.2329443929287483,0.0,0.0,0.0,,0.10905194424978504,laeq,84.0
mixed,limiter_matched_loudness,63.65493803876121,-20.88701279704272,11.895635551926869,0.5805913395710925,0.1476008218821563,4.2491370018483545,-4.909738200602227,-4.06340059231556,,0.08014317332199283,lufs,65.25
165523__zemidlo__snare-roll-hit-crash,original,62.80777536704325,-23.205568513010057,25.508183898421994,0.6203636911857445,0.032903127204121745,,,,,,,
165523__zemidlo__snare-roll-hit-crash,proposed,62.77695251238016,-23.282053114388244,24.18466968537637,0.5132992279696997,0.03170568399626416,0.27660189074538216,-0.030822854663085764,-0.07648460137818702,,,,
165523__zemidlo__snare-roll-hit-crash,gain_matched_exposure,62.77695251238016,-23.236391367673146,25.508183898421994,0.6181661623658827,0.03278657368669001,0.02934563861093521,-0.030822854663085764,-0.030822854663089316,0.9964576765998966,0.0,laeq,
165523__zemidlo__snare-roll-hit-crash,gain_matched_loudness,62.731290765665065,-23.28205311438825,25.508183898421994,0.614924987975058,0.03261466682820155,0.07281900057212334,-0.07648460137818347,-0.07648460137819413,0.9912330407340715,7.105427357601002e-15,lufs,
165523__zemidlo__snare-roll-hit-crash,limiter_matched_exposure,62.80777536704325,-23.205568513010057,25.508183898421994,0.6203636911857445,0.032903127204121745,0.0,0.0,0.0,,0.030822854663085764,laeq,84.0
165523__zemidlo__snare-roll-hit-crash,limiter_matched_loudness,62.80777536704325,-23.205568513010057,25.508183898421994,0.6203636911857445,0.032903127204121745,0.0,0.0,0.0,,0.07648460137818702,lufs,84.0
179270__speedenza__poem-statue-of-jupiter-voice,original,62.16729946461852,-25.104971412324215,22.612838851034986,0.7067052376965423,0.05231140293840806,,,,,,,
179270__speedenza__poem-statue-of-jupiter-voice,proposed,61.96334532479331,-26.149153832126558,25.545046774028318,0.8506639002824071,0.04492681842185952,0.48877886575779633,-0.20395413982521404,-1.0441824198023433,,,,
179270__speedenza__poem-statue-of-jupiter-voice,gain_matched_exposure,61.96334532479331,-25.304084533127057,22.61283885103499,0.6903043387867691,0.051097383308077185,0.20186310752074238,-0.20395413982521404,-0.19911312080284205,0.9767924474944734,0.0,laeq,
179270__speedenza__poem-statue-of-jupiter-voice,gain_matched_loudness,61.12311704481618,-26.144312813104193,22.61283885103499,0.6266559810185166,0.046386034485426025,1.0303254503260733,-1.0441824198023397,-1.0393414007799784,0.8867289325052397,0.00484101902236489,lufs,
179270__speedenza__poem-statue-of-jupiter-voice,limiter_matched_exposure,62.131878761245034,-25.12920213825523,21.816149448253,0.643405067586494,0.05220078148383829,0.026002368633275062,-0.03542070337348946,-0.02423072593101594,,0.16853343645172458,laeq,78.0
179270__speedenza__poem-statue-of-jupiter-voice,limiter_matched_loudness,60.63584689110151,-26.31331043541933,21.192366870224145,0.5255016452707679,0.045809519512827745,0.6543785178852923,-1.531452573517015,-1.2083390230951139,,0.1641566032927706,lufs,69.0
189635__klankbeeld__choir-amen-130525_14,original,72.08373190630032,-20.120918466304396,16.82979556683784,0.6505099534988403,0.0937053026685621,,,,,,,
189635__klankbeeld__choir-amen-130525_14,proposed,71.52242887184856,-20.70988924706829,15.637151882519746,0.531787914091279,0.0878781425473734,0.2711827669811991,-0.561303034451754,-0.5889707807638942,,,,
189635__klankbeeld__choir-amen-130525_14,gain_matched_exposure,71.52242887184855,-20.68222150075615,16.82979556683784,0.6098019297744258,0.08784135291096308,0.451691335544767,-0.5613030344517682,-0.561303034451754,0.937421366874616,1.4210854715202004e-14,laeq,
189635__klankbeeld__choir-amen-130525_14,gain_matched_loudness,71.49476112553641,-20.70988924706829,16.82979556683784,0.6078625772388362,0.08756199113432765,0.47372881998412886,-0.5889707807639013,-0.5889707807638942,0.9344400865342329,0.0,lufs,
189635__klankbeeld__choir-amen-130525_14,limiter_matched_exposure,71.39107931392034,-20.853672565180005,15.05018028477933,0.4898719051364224,0.08661109284900205,0.39939256193222494,-0.6926525923799716,-0.7327540988756098,,0.13134955792821756,laeq,78.0
189635__klankbeeld__choir-amen-130525_14,limiter_matched_loudness,71.39107931392034,-20.853672565180005,15.05018028477933,0.4898719051364224,0.08661109284900205,0.39939256193222494,-0.6926525923799716,-0.7327540988756098,,0.14378331811171563,lufs,78.0
269906__theriavirra__02_crash_loud_cymbals__snares,original,70.86882213761933,-19.717962608852563,17.365916867403207,0.5723156198615321,0.07750679089138157,,,,,,,
269906__theriavirra__02_crash_loud_cymbals__snares,proposed,70.83384691800066,-19.745328252648264,19.318666948813355,0.7123011363832005,0.07704248629210633,0.32086489952639546,-0.03497521961867278,-0.027365643795700834,,,,
269906__theriavirra__02_crash_loud_cymbals__snares,gain_matched_exposure,70.83384691800065,-19.75293782847124,17.365916867403207,0.5700157267356909,0.07719532405491775,0.026349309306739652,-0.03497521961868699,-0.034975219618676334,0.9959814252031114,1.4210854715202004e-14,laeq,
269906__theriavirra__02_crash_loud_cymbals__snares,gain_matched_loudness,70.84145649382361,-19.745328252648267,17.365916867403207,0.5705153276599148,0.07726298333769659,0.020616477054686676,-0.027365643795718597,-0.027365643795704386,0.9968543717152907,3.552713678800501e-15,lufs,
269906__theriavirra__02_crash_loud_cymbals__snares,limiter_matched_exposure,70.86882213761933,-19.717962608852563,17.365916867403207,0.5723156198615321,0.07750679089138157,0.0,0.0,0.0,,0.03497521961867278,laeq,84.0
269906__theriavirra__02_crash_loud_cymbals__snares,limiter_matched_loudness,70.86882213761933,-19.717962608852563,17.365916867403207,0.5723156198615321,0.07750679089138157,0.0,0.0,0.0,,0.027365643795700834,lufs,84.0
380303__evanboyerman__various-male-command-voice-lines-mixed,original,72.32800034814362,-16.891442109431082,18.062856703182653,0.999969482421875,0.12498097576711299,,,,,,,
380303__evanboyerman__various-male-command-voice-lines-mixed,proposed,70.6348793241616,-18.46916129398193,19.46313560361604,0.9781371064665518,0.10405020839571896,0.6722806904480202,-1.693121023982016,-1.5777191845508476,,,,
380303__evanboyerman__various-male-command-voice-lines-mixed,gain_matched_exposure,70.6348793241616,-18.5845631334131,18.062856703182653,0.8228689877907013,0.10284610763670307,1.6931210239820162,-1.693121023982016,-1.693121023982016,0.8228941005257027,0.0,laeq,
380303__evanboyerman__various-male-command-voice-lines-mixed,gain_matched_loudness,70.75028116359277,-18.46916129398193,18.06285670318265,0.8338746799127954,0.10422165175538997,1.5777191845508485,-1.577719184550844,-1.5777191845508476,0.8339001285251161,0.0,lufs,
380303__evanboyerman__various-male-command-voice-lines-mixed,limiter_matched_exposure,70.68071244612966,-18.32796309749544,18.442893450433182,0.895294189453125,0.10710779861805778,0.8770059509130336,-1.6472879020139573,-1.436520988064359,,0.045833121968058776,laeq,79.5
380303__evanboyerman__various-male-command-voice-lines-mixed,limiter_matched_loudness,70.68071244612966,-18.32796309749544,18.442893450433182,0.895294189453125,0.10710779861805778,0.8770059509130336,-1.6472879020139573,-1.436520988064359,,0.14119819648648857,lufs,79.5
431525__evanboyerman__british-soldiers-monologue-voice-actingmalevoice-over,original,64.76434109645395,-22.284397166623446,16.083217107803453,0.4761704251678054,0.07474834176118444,,,,,,,
431525__evanboyerman__british-soldiers-monologue-voice-actingmalevoice-over,proposed,64.59773248744713,-23.890778475790533,18.413217659638658,0.49229965722293517,0.05909743755154441,0.4710716637954336,-0.16660860900681485,-1.6063813091670873,,,,
431525__evanboyerman__british-soldiers-monologue-voice-actingmalevoice-over,gain_matched_exposure,64.59773248744712,-22.45100577563026,16.083217107803456,0.46712379175462637,0.07332821818690291,0.16660860900681546,-0.16660860900682906,-0.16660860900681485,0.9810012698499893,1.4210854715202004e-14,laeq,
431525__evanboyerman__british-soldiers-monologue-voice-actingmalevoice-over,gain_matched_loudness,63.15795978728684,-23.89077847579054,16.083217107803453,0.3957704388979649,0.062127302457505106,1.6049540459576068,-1.606381309167105,-1.6063813091670944,0.831152919164379,7.105427357601002e-15,lufs,
431525__evanboyerman__british-soldiers-monologue-voice-actingmalevoice-over,limiter_matched_exposure,64.76434109645395,-22.284397166623446,16.083217107803453,0.4761704251678054,0.07474834176118444,0.0,0.0,0.0,,0.16660860900681485,laeq,84.0
431525__evanboyerman__british-soldiers-monologue-voice-actingmalevoice-over,limiter_matched_loudness,62.76335313976415,-23.953007314374176,17.479065510360428,0.4760765955230486,0.0636390306810659,1.7226463882844263,-2.000987956689798,-1.66861014775073,,0.0622288385836427,lufs,69.0
479941__liezen3__men-choir,original,64.7793744880197,-26.93693078915098,16.283540139468336,0.27780135845368475,0.0426144961684154,,,,,,,
479941__liezen3__men-choir,proposed,64.76560289219853,-26.98667234384848,15.968935608054185,0.26615942734170595,0.04233456221402772,0.24883650631382126,-0.013771595821168603,-0.04974155469749775,,,,
479941__liezen3__men-choir,gain_matched_exposure,64.76560289219853,-26.95070238497215,16.283540139468336,0.27736124962370784,0.042546983841790606,0.009460730224790583,-0.013771595821168603,-0.013771595821168603,0.9984157427003717,0.0,laeq,
479941__liezen3__men-choir,gain_matched_loudness,64.7296329333222,-26.98667234384848,16.28354013946834,0.2762150177496447,0.04237115283046195,0.03417116186573686,-0.04974155469750485,-0.04974155469749775,0.9942896582188436,0.0,lufs,
479941__liezen3__men-choir,limiter_matched_exposure,64.60600488959831,-27.102067111745797,14.906100104197922,0.23261837604885155,0.04181566562440935,0.07634490679107447,-0.1733695984213881,-0.16513632259481525,,0.1595980026002195,laeq,72.0
479941__liezen3__men-choir,limiter_matched_loudness,64.60600488959831,-27.102067111745797,14.906100104197922,0.23261837604885155,0.04181566562440935,0.07634490679107447,-0.1733695984213881,-0.16513632259481525,,0.11539476789731751,lufs,72.0
529808__logicogonist__bass-loop-and-drums-130-bpm,original,74.61637592672903,-9.398431986470925,8.164378187033655,1.0192935978801778,0.39818086626265087,,,,,,,
529808__logicogonist__bass-loop-and-drums-130-bpm,proposed,73.83739106833607,-12.479098945970401,14.802183976458934,1.445773720770335,0.2630214257917746,0.5408656514317592,-0.7789848583929597,-3.080666959499476,,,,
529808__logicogonist__bass-loop-and-drums-130-bpm,gain_matched_exposure,73.83739106833607,-10.17741684486389,8.164378187033654,0.9318586770542074,0.36402494436880645,0.7395464811940929,-0.7789848583929597,-0.778984858392965,0.914220082410202,0.0,laeq,
529808__logicogonist__bass-loop-and-drums-130-bpm,gain_matched_loudness,71.53570896722955,-12.479098945970398,8.164378187033652,0.7149339954558356,0.2792846322426204,2.904873384556948,-3.0806669594994815,-3.0806669594994727,0.7014014381554853,3.552713678800501e-15,lufs,
529808__logicogonist__bass-loop-and-drums-130-bpm,limiter_matched_exposure,73.80162663569297,-9.864703549036236,8.567314631947346,1.0166005660025552,0.3791269137666581,0.7527911144056859,-0.8147492910360654,-0.46627156256531066,,0.03576443264310569,laeq,78.0
529808__logicogonist__bass-loop-and-drums-130-bpm,limiter_matched_loudness,70.75645303531046,-12.58072693710386,11.116185527911739,1.0017432278074028,0.27857820692428226,3.356276355057354,-3.8599228914185773,-3.1822949506329348,,0.10162799113345855,lufs,72.75
541260__bertsz__drum-and-bass-loop,original,75.05606559584726,-13.40577453663615,11.971138993233971,0.9976040124893188,0.2514208194833289,,,,,,,
541260__bertsz__drum-and-bass-loop,proposed,74.87018468482133,-15.203599322885156,17.63706434110959,1.2724213762023853,0.16702356125770812,0.7003935315127876,-0.18588091102593296,-1.7978247862490058,,,,
541260__bertsz__drum-and-bass-loop,gain_matched_exposure,74.87018468482131,-13.591655447662092,11.97113899323396,0.9764817742306093,0.24609749441061277,0.18588091102593346,-0.18588091102594717,-0.18588091102594184,0.9788270315733762,1.4210854715202004e-14,laeq,
541260__bertsz__drum-and-bass-loop,gain_matched_loudness,73.25824080959825,-15.203599322885168,11.971138993233964,0.811086079852778,0.20441369953921443,1.7978247862490055,-1.7978247862490093,-1.7978247862490182,0.8130340994007,1.2434497875801753e-14,lufs,
541260__bertsz__drum-and-bass-loop,limiter_matched_exposure,75.05601133089614,-13.405886638333689,11.971256558293877,0.9976040124893188,0.25141741648088495,4.522376283781788e-05,-5.4264951117488636e-05,-0.00011210169753894661,,0.18582664607481547,laeq,84.0
541260__bertsz__drum-and-bass-loop,limiter_matched_loudness,73.0403167785757,-15.172374897797186,13.37748999037963,0.9968621134757996,0.21367838426283628,1.6878452910414208,-2.0157488172715574,-1.7666003611610357,,0.031224425087970076,lufs,76.5
627643__asiilanna__female-vocal,original,76.23686873580496,-16.88182237870546,15.512169221658418,0.8008811619152273,0.1342640110650817,,,,,,,
627643__asiilanna__female-vocal,proposed,74.36893959967836,-18.681073714880217,12.941151118240537,0.4874604302325459,0.10987067978150522,0.5714400990817647,-1.8679291361266053,-1.7992513361747555,,,,
627643__asiilanna__female-vocal,gain_matched_exposure,74.36893959967836,-18.749751514832063,15.512169221658418,0.6459094248408076,0.1082837183440285,1.3979776799414796,-1.8679291361266053,-1.8679291361266017,0.8064984613899268,0.0,laeq,
627643__asiilanna__female-vocal,gain_matched_loudness,74.43761739963021,-18.681073714880213,15.512169221658418,0.6510367606893148,0.1091432924104881,1.3470483006154854,-1.7992513361747484,-1.799251336174752,0.812900579572162,3.552713678800501e-15,lufs,
627643__asiilanna__female-vocal,limiter_matched_exposure,74.23637390887149,-18.815679003092765,13.748148254767877,0.5267795969517249,0.10819857297710705,1.081566890367848,-2.000494826933476,-1.9338566243873032,,0.13256569080687086,laeq,78.0
627643__asiilanna__female-vocal,limiter_matched_loudness,74.23637390887149,-18.815679003092765,13.748148254767877,0.5267795969517249,0.10819857297710705,1.081566890367848,-2.000494826933476,-1.9338566243873032,,0.1346052882125477,lufs,78.0
628213__josefpres__bass-loops-033-with-drums-long-loop-120-bpm,original,65.00246098141508,-16.98230079378953,12.562774086751325,0.6937991056720497,0.16334093277793907,,,,,,,
628213__josefpres__bass-loops-033-with-drums-long-loop-120-bpm,proposed,63.5639788280249,-20.012749034652174,13.275857603954957,0.5211921963813596,0.11303294014632242,0.5824474426220398,-1.4384821533901828,-3.0304482408626434,,,,
628213__josefpres__bass-loops-033-with-drums-long-loop-120-bpm,gain_matched_exposure,63.563978828024915,-18.42078294717973,12.562774086751325,0.5879083493865355,0.13841110112662378,1.3604403381412096,-1.4384821533901686,-1.4384821533902006,0.8473754788384413,1.4210854715202004e-14,laeq,
628213__josefpres__bass-loops-033-with-drums-long-loop-120-bpm,gain_matched_loudness,61.97201274055246,-20.01274903465221,12.562774086751327,0.4894533706451989,0.1152318725390278,2.8594385968850005,-3.0304482408626257,-3.030448240862679,0.705468436963592,3.552713678800501e-14,lufs,
628213__josefpres__bass-loops-033-with-drums-long-loop-120-bpm,limiter_matched_exposure,63.54715951379655,-18.252114226958046,12.633474418462198,0.6078375543357,0.14194294377638408,1.519376092973221,-1.4553014676185327,-1.2698134331685154,,0.016819314228349924,laeq,68.25
628213__josefpres__bass-loops-033-with-drums-long-loop-120-bpm,limiter_matched_loudness,61.787771002550556,-20.058357263250038,13.637567907124655,0.5577518719688863,0.116027955900353,2.6968221796449536,-3.214689978864527,-3.0760564694605073,,0.04560822859786384,lufs,65.25
629137__holizna__funky-lofi-drum-loop-88-bpm,original,68.9850063990755,-16.123038387568126,15.807792563389514,1.0022153824199347,0.16239454472695722,,,,,,,
629137__holizna__funky-lofi-drum-loop-88-bpm,proposed,68.04161018740153,-18.700318474891407,20.766943954709305,1.274171839761732,0.1166489421974757,0.510335310512648,-0.9433962116739707,-2.577280087323281,,,,
629137__holizna__funky-lofi-drum-loop-88-bpm,gain_matched_exposure,68.04161018740153,-17.06643459924207,15.807792563389507,0.8990653362099524,0.14568056778480748,0.6337361324369333,-0.9433962116739707,-0.9433962116739423,0.8970779654559705,0.0,laeq,
629137__holizna__funky-lofi-drum-loop-88-bpm,gain_matched_loudness,66.40772631175221,-18.700318474891418,15.807792563389508,0.7448984315412941,0.1207000449004153,1.7201765230152182,-2.577280087323288,-2.5772800873232917,0.743251844471468,1.0658141036401503e-14,lufs,
629137__holizna__funky-lofi-drum-loop-88-bpm,limiter_matched_exposure,68.10843561141604,-16.42265839166138,16.030614314232906,1.0022153824199347,0.1582815696656407,0.6029224824736132,-0.8765707876594604,-0.29962000409325285,,0.0668254240145103,laeq,78.0
629137__holizna__funky-lofi-drum-loop-88-bpm,limiter_matched_loudness,66.42237819430497,-18.760246474226772,18.337771046860873,1.0022153824199347,0.12135914604832475,1.3814766841777655,-2.562628204770533,-2.637208086658646,,0.059927999335364746,lufs,73.5
629139__holizna__boombap-drums-90-bpm,original,68.56465609098835,-18.006747303547044,16.580366608881366,1.0077969777944384,0.14940141859397066,,,,,,,
629139__holizna__boombap-drums-90-bpm,proposed,68.31264433751647,-20.932841701817676,21.879742104020238,1.0590402006021218,0.08529534709108565,0.7362217375252968,-0.25201175347187643,-2.9260943982706316,,,,
629139__holizna__boombap-drums-90-bpm,gain_matched_exposure,68.31264433751647,-18.2587590570189,16.58036660888137,0.9789769443873025,0.1451289768524059,0.25174965069324223,-0.25201175347187643,-0.2520117534718551,0.9714029372560647,0.0,laeq,
629139__holizna__boombap-drums-90-bpm,gain_matched_loudness,65.63856169271772,-20.932841701817694,16.580366608881366,0.7195621847494804,0.10667189278878429,2.91143238883355,-2.926094398270635,-2.9260943982706493,0.7139951801842478,1.7763568394002505e-14,lufs,
629139__holizna__boombap-drums-90-bpm,limiter_matched_exposure,68.35867823667232,-18.097614912981218,16.61505101761724,1.0077969777944384,0.14880601988575684,0.19227965127178312,-0.205977854316032,-0.0908676094341736,,0.04603389915584444,laeq,82.5
629139__holizna__boombap-drums-90-bpm,limiter_matched_loudness,64.12433289604971,-20.837704889794708,14.800809799714283,0.6857968872661906,0.12478288420407327,4.09348980000544,-4.440323194938642,-2.8309575862476635,,0.09513681202296809,lufs,71.25
657761__kevp888__221029_2225_fr_malechoir,original,55.35756052229249,-34.32609396860684,16.443980065642936,0.132121741771698,0.01989643590142243,,,,,,,
657761__kevp888__221029_2225_fr_malechoir,proposed,55.25490187587985,-34.65001548144793,16.53210986387885,0.12774760846070263,0.01904352258617373,0.37074161952977447,-0.10265864641263533,-0.32392151284108905,,,,
657761__kevp888__221029_2225_fr_malechoir,gain_matched_exposure,55.25490187587986,-34.42875261501947,16.44398006564294,0.13056938486349484,0.019662663856745897,0.07719824858045109,-0.10265864641262823,-0.10265864641262823,0.988250556741179,7.105427357601002e-15,laeq,
657761__kevp888__221029_2225_fr_malechoir,gain_matched_loudness,55.0336390094514,-34.65001548144793,16.44398006564294,0.12728528952599513,0.019168106401625213,0.2433778368964072,-0.32392151284108905,-0.32392151284108905,0.9633939714928972,0.0,lufs,
657761__kevp888__221029_2225_fr_malechoir,limiter_matched_exposure,55.35756052229249,-34.32609396860684,16.443980065642936,0.132121741771698,0.01989643590142243,0.0,0.0,0.0,,0.10265864641263533,laeq,72.0
657761__kevp888__221029_2225_fr_malechoir,limiter_matched_loudness,55.018650150102886,-34.60230449706708,14.558874642741145,0.10319816521435024,0.01930759781861082,0.1354758870410122,-0.33891037218960207,-0.27621052846023986,,0.0477109843808492,lufs,61.5
735157__jadis0x__simple-music-loop-bass-keys-drums,original,67.13417886822735,-19.340462751038828,17.974995595040212,1.006595790290737,0.12708822966687017,,,,,,,
735157__jadis0x__simple-music-loop-bass-keys-drums,proposed,66.98782395146532,-21.557608992242347,20.056619125847888,0.8472983167200048,0.084179314985367,0.7272952727923296,-0.1463549167620357,-2.217146241203519,,,,
735157__jadis0x__simple-music-loop-bass-keys-drums,gain_matched_exposure,66.98782395146532,-19.48681766780087,17.974995595040212,0.9897770143664202,0.12496476712311387,0.1463549167620362,-0.1463549167620357,-0.14635491676204282,0.9832914302974991,0.0,laeq,
735157__jadis0x__simple-music-loop-bass-keys-drums,gain_matched_loudness,64.91703262702383,-21.55760899224237,17.974995595040216,0.7798261560835988,0.09845732177755259,2.2153043654317752,-2.2171462412035225,-2.2171462412035403,0.7747162899005967,2.1316282072803006e-14,lufs,
735157__jadis0x__simple-music-loop-bass-keys-drums,limiter_matched_exposure,67.13417886822735,-19.340462751038828,17.974995595040212,1.006595790290737,0.12708822966687017,0.0,0.0,0.0,,0.1463549167620357,laeq,84.0
735157__jadis0x__simple-music-loop-bass-keys-drums,limiter_matched_loudness,64.6648642919343,-21.635459704303003,17.606589787507307,0.7447010467013216,0.09809626565126382,2.3750053327696263,-2.4693145762930584,-2.2949969532641745,,0.07785071206065552,lufs,69.0
739037__acoustiangel__acoustiangel,original,62.12761278666763,-25.369524732837093,20.78938112948989,0.5133056640625,0.04687130010317768,,,,,,,
739037__acoustiangel__acoustiangel,proposed,61.98567069035228,-25.895510289200747,21.20643583253368,0.4893764440581947,0.04259133659954356,0.233233293573714,-0.14194209631535415,-0.5259855563636542,,,,
739037__acoustiangel__acoustiangel,gain_matched_exposure,61.985670690352286,-25.511466829152443,20.789381129489893,0.5049855506832981,0.04611156850777188,0.12279761364729284,-0.14194209631534704,-0.1419420963153506,0.9837911132455595,7.105427357601002e-15,laeq,
739037__acoustiangel__acoustiangel,gain_matched_loudness,61.60162723030398,-25.895510289200743,20.789381129489893,0.48314420929058716,0.0441171777602171,0.45504309722818853,-0.5259855563636506,-0.5259855563636506,0.9412407520828752,3.552713678800501e-15,lufs,
739037__acoustiangel__acoustiangel,limiter_matched_exposure,62.12761278666763,-25.369524732837093,20.78938112948989,0.5133056640625,0.04687130010317768,0.0,0.0,0.0,,0.14194209631535415,laeq,84.0
739037__acoustiangel__acoustiangel,limiter_matched_loudness,61.463703216137844,-25.887853463643957,20.100010524661496,0.4560361888501381,0.04508154395115691,0.8272518781711409,-0.663909570529789,-0.5183287308068643,,0.007656825556789926,lufs,70.5
